{"cameraMode":{"drawMode":0,"name":"Shaded","section":"Shading Mode"},"sceneLighting":true,"audioPlay":false,"sceneViewState":{"m_AlwaysRefresh":false,"showFog":true,"showSkybox":true,"showFlares":true,"showImageEffects":true,"showParticleSystems":true,"showVisualEffectGraphs":true,"m_FxEnabled":true},"in2DMode":false,"pivot":{"x":0.20066873729228974,"y":-2.3756399154663088,"z":6.5084662437438969},"rotation":{"x":0.35672348737716677,"y":-0.01965240389108658,"z":0.0074407486245036129,"w":0.9340605139732361},"size":8.058462142944336,"orthographic":false}