{"cameraMode":{"drawMode":0,"name":"Shaded","section":"Shading Mode"},"sceneLighting":false,"audioPlay":false,"sceneViewState":{"m_AlwaysRefresh":false,"showFog":true,"showSkybox":false,"showFlares":true,"showImageEffects":true,"showParticleSystems":true,"showVisualEffectGraphs":true,"m_FxEnabled":true},"in2DMode":false,"pivot":{"x":0.12770938873291017,"y":-0.3690645694732666,"z":-0.30952781438827517},"rotation":{"x":0.33669379353523257,"y":-0.04662308469414711,"z":0.016620609909296037,"w":0.9403975009918213},"size":3.977794647216797,"orthographic":false}