{"cameraMode":{"drawMode":0,"name":"Shaded","section":"Shading Mode"},"sceneLighting":false,"audioPlay":false,"sceneViewState":{"m_AlwaysRefresh":false,"showFog":true,"showSkybox":false,"showFlares":true,"showImageEffects":true,"showParticleSystems":true,"showVisualEffectGraphs":true,"m_FxEnabled":true},"in2DMode":false,"pivot":{"x":-5.960464477539063e-8,"y":0.9448502063751221,"z":0.012688100337982178},"rotation":{"x":-0.0918448269367218,"y":0.8827505707740784,"z":-0.19398246705532075,"w":-0.4179556965827942},"size":1.4443904161453248,"orthographic":false}