{"cameraMode":{"drawMode":0,"name":"Shaded","section":"Shading Mode"},"sceneLighting":false,"audioPlay":false,"sceneViewState":{"m_AlwaysRefresh":false,"showFog":true,"showSkybox":false,"showFlares":true,"showImageEffects":true,"showParticleSystems":true,"showVisualEffectGraphs":true,"m_FxEnabled":true},"in2DMode":false,"pivot":{"x":0.04330456256866455,"y":4.262546539306641,"z":-0.09758293628692627},"rotation":{"x":-0.24489280581474305,"y":0.05583275109529495,"z":-0.014059181325137616,"w":-0.9679005146026611},"size":5.4809889793396,"orthographic":false}